accuracy,val_accuracy,loss,val_loss
11.017835314216704,16.652920962199314,3.6200288537744263,3.4991394529566144
18.297765799201755,20.350515463917525,3.385279280054058,3.2902865672556265
20.4038351080281,20.900343642611684,3.213859820283023,3.144251948592403
22.107836639714872,22.350515463917525,3.095450353921741,3.045432265407783
23.175599051532423,22.941580756013746,3.0090960909712337,2.974457271435339
23.613013446442512,23.77319587628866,2.9442040278964257,2.916570341632573
24.636592586046923,25.518900343642613,2.8923697156371704,2.8710515641586003
25.418636504219503,24.852233676975946,2.8498665825076777,2.8346854608071226
26.00185569743295,25.835051546391753,2.8139633259276042,2.803493567151744
26.595384320829467,27.00343642611684,2.782899464353304,2.769784082099612
26.810409578933417,27.553264604810998,2.7569777513401097,2.747282163461599
27.35975493011679,27.711340206185568,2.7338310493357545,2.7243363272106165
27.742676622630672,28.701030927835053,2.714911525285569,2.7077817108490216
27.993048498505132,28.63917525773196,2.6972872891729773,2.68702092442038
28.31705916140149,28.962199312714777,2.679935121797187,2.67171802751433
28.2979130767758,28.948453608247423,2.668060252535746,2.6621210444932073
28.64401537577873,28.38487972508591,2.654662230022666,2.6498437940538424
28.380388518240327,28.6872852233677,2.6393748661086414,2.636416196894342
28.42309901471303,28.97594501718213,2.6316768728488125,2.6310298973958406
28.57774046745902,28.254295532646047,2.6202731971082525,2.625770608996244
28.42309901471303,28.59106529209622,2.6137921274967084,2.6058439200670307
28.529138868024567,28.721649484536083,2.6000448276278596,2.6079900116634303
28.68819864799187,28.714776632302407,2.594378856151367,2.589783666569937
29.199251829923856,29.230240549828178,2.5864707356921364,2.604627103731268
29.305291683235392,29.051546391752577,2.5774473323197795,2.586822365784846
29.398076554882987,29.127147766323024,2.5707613209586726,2.5805337622872444
29.55124523188854,29.27147766323024,2.564279334553721,2.5609564191669927
29.583646298178177,29.52577319587629,2.5570431475718483,2.5532346712975693
29.674958394085333,29.6426116838488,2.5511923913521044,2.560138770814038
29.673485618344895,30.261168384879724,2.5461263762107085,2.5651911164985153
29.86936479182315,29.278350515463917,2.541021386339613,2.552590149693105
30.06229841382053,29.876288659793815,2.533850359258793,2.5339405866021956
30.03284289901177,29.656357388316152,2.5299387380151477,2.524875706236466
30.143301079544617,29.745704467353953,2.5246900486995285,2.5260059240290516
30.099117807331478,30.192439862542955,2.5192943260992737,2.5144986404715777
30.26848701748185,29.945017182130584,2.513752756234491,2.5183431814202457
30.403982385602145,30.192439862542955,2.5090301569334774,2.515944060601524
30.60427988630171,30.59106529209622,2.505992292964234,2.5106030460282747
30.477621172624044,30.769759450171822,2.502499620175984,2.522057480894741
30.757448563307264,30.790378006872853,2.499841246968153,2.50282158060632
30.875270622542306,30.7766323024055,2.4915831501578167,2.49674587971799
31.05053093565443,30.962199312714777,2.4894982366814653,2.490565387699126
31.09913253508888,31.085910652920962,2.485300865419281,2.502201577217325
31.34950441096334,30.646048109965637,2.4816131943905373,2.492765771481649
31.32888555059721,31.436426116838486,2.4794350990277505,2.490478093701416
31.546856360182034,31.77319587628866,2.474679325478466,2.516946638527613
31.560111341845978,31.6426116838488,2.472263759464605,2.485314790815337
31.626386250165687,31.085910652920962,2.4703291945799744,2.484799932008237
31.79280990883518,30.969072164948454,2.4664810259018455,2.479023498287105
31.74273553366029,31.422680412371133,2.46321613223024,2.468564371268778
32.02550847582439,31.601374570446737,2.4596279047448273,2.477195217047471
31.929778052695916,31.759450171821307,2.460825054435773,2.4695631312721646
32.11387502025067,31.443298969072163,2.4563810886399016,2.475441141023068
32.062327869335334,31.656357388316152,2.4534618989429067,2.468961494326143
32.062327869335334,31.965635738831615,2.451452927057324,2.4707965481696386
32.10945669302935,31.70446735395189,2.447114316871527,2.468370055664989
32.203714340417385,32.41237113402062,2.446464317291198,2.4547892014917374
32.320063623911985,32.27491408934708,2.4445453161102932,2.458975137674356
32.27882590317972,32.419243986254294,2.442490767116623,2.453220406786395
32.37750187778907,32.70103092783505,2.440984625752194,2.464259136654469
32.3863385322317,32.302405498281786,2.4391172752825345,2.4593773438384905
32.35688301742294,32.22680412371134,2.4372336282493876,2.4648095876954152
32.32890027835462,31.70446735395189,2.433852132443301,2.459762057297992
32.49974226424543,32.00687285223368,2.4350775381523238,2.4445185708924635
32.40695739259783,32.10996563573883,2.4328905743284928,2.437214648940042
32.48206895536017,32.577319587628864,2.429439830932875,2.440785362300004
32.51741557313068,32.49484536082474,2.4267049859929863,2.4321232503335426
32.65585649273185,32.81099656357388,2.4236556799111044,2.442117573473997
32.68825755902149,32.41237113402062,2.4259082286325113,2.4297034961932447
32.62492820218265,32.32302405498282,2.421556985891686,2.440933075632487
32.733913606975065,32.22680412371134,2.4202874563950765,2.429166071020987
32.705930867906744,32.302405498281786,2.419391026683403,2.434420920018877
32.77515132770733,32.281786941580755,2.4174303087787568,2.449934539537165
32.720658625311124,32.60481099656357,2.4153463423201273,2.4218132494990954
32.720658625311124,32.756013745704465,2.4141645601501813,2.4293957773348445
32.7972429638139,32.65292096219931,2.4145273397149047,2.444992155448793
32.8708817508358,33.292096219931274,2.4141103399693247,2.4297689836018046
33.060869821352306,32.52233676975945,2.4117909929771257,2.443393141909232
32.95777551952164,32.487972508591064,2.411825120370209,2.4329794792821167
33.00195879173478,33.40893470790378,2.4108261951276657,2.4130380157956703
33.00195879173478,32.88659793814433,2.4066060381453838,2.4338013021309117
32.91064669582762,32.65292096219931,2.404598675315396,2.417948584981531
33.08296145745887,32.25429553264605,2.4044377906142396,2.4322283342890976
33.25380344334968,32.6254295532646,2.403896744933166,2.4118888028105263
33.20225629243435,33.03092783505155,2.4032644408439974,2.446403946810694
33.25233066760924,32.7147766323024,2.4001526646200944,2.409171505532418
33.219929601319606,33.16838487972509,2.4002577677952424,2.4106912023454967
33.281786182418,32.34364261168385,2.3989808128821397,2.46341134971997
33.15218191725946,33.48453608247423,2.397198773347105,2.4111206434939487
33.32891500611202,33.09965635738832,2.395252930541184,2.4074263034330037
33.33038778185246,32.51546391752577,2.3955183136293843,2.4178298120997077
33.27589507945625,33.154639175257735,2.3948007532958377,2.4076170103978507
33.24349401316662,33.017182130584196,2.3941413297053056,2.4127259282737925
33.393717138691294,32.439862542955325,2.391171823198803,2.443452421002071
33.50564809496458,32.8041237113402,2.392261835205592,2.405320125267504
33.464410374232315,32.90034364261168,2.387507689957266,2.4180222840682735
33.33922443629508,32.845360824742265,2.3875396889655183,2.4016345758334983
33.521848628109396,33.017182130584196,2.389661676359093,2.412397727666763
33.551304142918156,33.84192439862543,2.3881453805136736,2.412969094666428
33.677962856595826,33.03780068728523,2.3884798718600186,2.424009869955853
